0.7063075;6.427544;0.7877159;1;3.015452;0.6106358;0.8746096;1.555812;0.8581535;0.8683424;True;False;False;False
0.8050715;8.928346;0.4885142;1;2.834898;0.6197758;0.6902058;1.674439;0.8806499;0.8453055;True;False;False;False
0.9041756;10.48487;0.1952387;1;2.680841;0.6178808;0.6344922;1.789676;0.8915551;0.8249834;True;False;False;False
1.003859;10.81503;-0.0833385;1;2.580128;0.6108027;0.6099465;1.890131;0.890883;0.8080283;True;False;False;True
1.103814;9.713943;-0.3985395;1;2.539296;0.6020365;0.6171909;1.967049;0.8780558;0.8162953;True;False;False;True
1.203254;7.712427;-0.1834392;1;2.506099;0.5920295;0.6311816;2.047254;0.8716025;0.8060114;True;False;False;False
1.302863;7.251328;0;1;2.383182;0.6069556;0.6328562;2.169742;0.877525;0.7881829;True;False;False;False
1.402814;7.251328;0;1;2.244703;0.6295231;0.6232663;2.307731;0.8584161;0.7594453;True;False;False;False
1.502712;6.298059;-0.2991768;1;2.117182;0.6407525;0.6122416;2.423234;0.8246214;0.6911219;True;False;False;True
1.601148;3.008104;-0.6133894;1;2.019541;0.6305581;0.6254433;2.517928;0.7966517;0.6968242;True;False;False;True
1.695318;358.3824;-0.4007458;1;1.915156;0.6109883;0.6399584;2.50408;0.7556726;0.7205214;True;False;False;False
1.78874;354.4764;-0.6144054;1;1.791473;0.6071504;0.6676015;2.488006;0.6864756;0.7652727;True;False;False;True
1.875834;347.7531;-0.9073605;1;1.715201;0.5781003;0.7151543;2.261425;0.6608821;0.8769411;True;False;False;True
1.950508;339.6694;-0.6771732;1;1.658834;0.57531;0.7586606;1.916863;0.6865683;0.9683148;True;False;False;False
2.022963;332.1846;-0.9263546;1;1.558304;0.6141919;0.7936465;1.611571;0.7494665;0.986167;True;False;False;True
2.081777;322.1168;-1;1;1.529724;0.6446623;0.8783751;1.370475;0.8192785;0.9749348;True;False;False;True
2.127323;311.613;-1;1;1.583142;0.6400408;1.027777;1.270591;0.9101643;0.8877103;True;False;False;True
2.167474;301.483;-0.7904295;1;1.740318;0.6206628;4.065506;1.316124;0.9434585;0.828315;True;False;False;False
2.221118;294.2293;-0.4957779;1;2.104642;0.5978765;0.7241217;1.445567;0.9009199;0.7520814;True;False;False;False
2.296771;290.076;-0.181627;1;2.168344;0.5984526;0.6850212;1.630665;0.8323569;0.6601958;True;False;False;False
2.389584;288.9877;-0.1413031;1;2.012144;0.6683034;0.6540062;1.853833;0.8025383;0.5746971;True;False;False;True
2.485373;285.7862;-0.4345258;1;2.222233;0.7214098;0.6357175;2.004847;0.6811958;0.5019169;True;False;False;True
2.571405;279.6763;-0.385891;1;3.307314;0.7312873;0.6617103;2.173653;0.5372148;0.4501471;True;False;False;False
2.657162;276.2906;-0.07242432;1;4.276509;0.7011404;0.6922925;2.338063;0.4622098;0.4097065;True;False;False;False
2.753577;276.016;0;1;4.000786;0.7189189;0.7214201;2.603312;0.418495;0.4109512;True;False;False;False
2.853196;276.016;-0.0247539;1;3.744341;0.7574953;0.7352072;2.881961;0.4187715;0.4235294;True;False;False;True
2.952169;273.8632;-0.2782386;1;4.547313;0.7656303;0.7306511;3.052544;0.4261956;0.40186;True;False;False;False
3.048057;271.6165;0;1;4.52445;0.775306;0.7504475;3.293525;0.3989868;0.386194;True;False;False;False
3.146841;270.8079;-0.2123241;1;4.422295;0.7764339;0.7742509;3.441997;0.379898;0.3788302;True;False;False;True
3.239695;266.0845;-0.2542536;1;4.553383;0.7636144;0.8153313;3.025877;0.3648906;0.4015773;True;False;False;False
3.330198;263.9214;0;1;4.288241;0.7407296;0.8030993;2.558522;0.383903;0.4342025;True;False;False;False
3.428595;263.9214;0;1;3.944084;0.7413293;0.7642207;2.855257;0.4182781;0.4730814;True;False;False;False
3.528428;263.9214;0.0227058;1;3.588603;0.7028186;0.7524514;3.233931;0.4575097;0.5166053;True;False;True;False
3.627095;266.6322;0.3403065;0.9791788;3.019258;0.6885899;0.7188623;4.99579;0.5104519;0.5328925;False;False;True;False
3.698921;272.1177;0.1310606;0;2.404463;0.7071684;0.6710026;5.878055;0.5510972;0.5229132;False;True;False;False
3.67942;272.9958;0;-0.2976654;2.030903;0.7190811;0.6769015;6.285017;0.5447633;0.5128087;False;True;False;False
3.636938;272.837;-0.1077405;-0.5937806;1.689881;0.7964324;0.6971287;6.605708;0.5236934;0.5022865;False;True;False;True
3.562551;268.7361;-0.4070643;-0.8931045;1.500391;1.225309;0.745717;6.071594;0.4893413;0.5232255;False;True;False;True
3.43307;259.3785;-0.7007803;-1;1.432592;1.346499;0.8321105;2.003875;0.4794315;0.502226;False;True;False;True
3.233476;245.5183;-1;-1;1.493662;1.186922;1.008305;1.123788;0.4540038;0.5322913;False;True;False;True
2.964844;229.8737;-1;-1;3.294197;1.065874;1.411265;0.9612651;0.452883;0.5654328;False;True;False;True
2.691822;215.6034;-1;-1;2.473972;0.9805777;3.714185;0.8905039;0.4772666;0.6021873;False;True;False;True
2.446542;202.6478;-1;-0.9512695;1.958252;0.9043282;5.720324;0.8836381;0.510008;0.6515427;False;False;False;True
2.268941;195.7796;0.1694505;-0.6326152;1.696256;0.8587897;5.146739;1.038673;0.5484824;4.196898;False;False;True;False
2.207108;198.8887;0.4627452;-0.3393205;1.510816;0.8417702;1.242847;1.315961;0.5997657;3.965266;False;False;True;False
2.180171;205.2519;0.7561865;-0.04587908;1.364403;0.8098476;0.9305825;1.70774;0.6680807;3.393744;False;False;True;False
2.152998;214.8042;1;0;1.331914;0.8678256;0.8101578;2.306517;0.7590914;2.479922;False;False;True;False
2.102522;225.4745;1;0;1.323351;0.873174;0.7616645;2.975777;0.8679193;1.712882;False;False;True;False
2.044373;235.8705;1;0.09435029;1.409901;0.7093779;0.7746972;4.049664;0.998845;1.412107;True;False;True;False
2.006931;246.0055;1;0.3866331;4.37133;0.6015932;0.8441067;1.471968;1.186739;1.257291;True;False;True;False
2.004268;255.2526;0.7677899;0.6815651;3.875685;0.5782775;0.7046847;1.415253;1.441834;1.174945;True;False;False;False
2.047826;261.7256;0.4970463;0.9976075;3.453939;0.5411785;0.5768064;1.443017;1.468568;1.144444;True;False;True;False
2.123069;268.0652;0.7946831;1;2.970061;0.538658;0.5413529;1.492576;2.039658;1.090863;True;False;True;False
2.186025;277.7683;1;1;2.413055;0.605415;0.4940127;1.554947;2.918137;1.006914;True;False;True;False
2.241287;284.1176;-0.1488912;1;2.053462;0.6845945;0.5147246;1.715387;3.070461;0.9536963;True;False;False;True
2.337196;280.9783;-0.4419051;0.9791434;1.961311;0.8303074;0.574057;2.007523;1.16156;0.926954;False;False;False;True
2.414698;274.2086;-0.7591419;0.6619065;1.91006;0.8797364;0.6507405;2.398841;0.9868375;0.9406722;False;False;False;True
2.432754;263.6087;-0.9583333;0.3630316;1.971747;0.8389041;0.7520624;3.048642;0.8834761;0.9048107;False;False;False;False
2.402957;253.3426;-0.6616849;0.4495318;2.009029;0.8226768;0.8372992;7.480913;0.8706825;0.9156472;True;False;False;False
2.404003;244.4342;-0.9131493;0.7426662;2.005923;0.8133768;0.918982;2.134714;0.8362008;0.9443396;True;False;False;True
2.419476;232.757;-0.892561;1;2.100918;0.7629845;1.088842;1.617836;0.8413156;0.9749604;True;False;False;False
2.448597;223.454;-0.5765339;1;2.198146;0.7349613;1.133693;1.580115;0.8658146;0.9773847;True;False;False;False
2.505706;217.6872;-0.4119608;1;2.194823;0.7062072;1.082279;1.684259;0.9261394;0.9649669;True;False;False;True
2.576617;211.0285;-0.7045946;1;2.457285;0.67105;1.083788;1.700664;0.9124165;0.9822966;True;False;False;True
2.638524;203.4382;-0.4069721;1;2.793532;0.6264633;0.9532987;1.773846;0.9147963;0.9159344;True;False;False;False
2.714458;199.6518;-0.1080509;1;2.742856;0.5970023;0.813853;1.943461;0.926092;0.8364877;True;False;False;False
2.808506;199.2351;0;1;2.461448;0.5787432;0.6786888;2.210175;0.9663192;0.7846727;True;False;False;False
2.907581;198.4657;-0.2154225;1;2.227611;0.591296;0.6243975;2.440354;0.8926463;0.7120164;True;False;False;True
3.00138;193.6756;-0.5087631;1;2.100504;0.6486012;0.6260374;2.512963;0.7559438;0.6501354;True;False;False;True
3.067927;184.1785;-0.8019834;1;2.148312;0.6391788;0.6605285;2.300363;0.6435924;0.6623799;True;False;False;True
3.095973;173.8028;-0.5058935;1;2.100409;0.6432166;0.7126366;2.07043;0.5956843;0.7460112;True;False;False;False
3.139424;166.9599;-0.530204;1;1.932218;0.8218527;0.7461512;1.86127;0.6424343;0.8671216;True;False;False;True
3.177447;156.9927;-0.656256;1;1.862664;0.8504918;0.7952769;1.492663;0.6974573;0.9142786;True;False;False;False
3.203543;148.4066;-0.4073346;1;1.761046;1.202539;0.7892513;1.430638;0.8158854;0.879155;True;False;False;True
3.2431;139.8846;-0.7131788;1;1.669102;1.400229;0.849269;1.463844;0.8360193;0.8708026;True;False;False;True
3.240211;126.3969;-1;1;1.825809;1.219209;1.024118;1.436842;0.7898818;0.7661557;True;False;False;True
3.167208;110.3209;-1;1;2.234066;1.083828;4.153081;1.475775;0.7228835;0.7591381;True;False;False;True
3.067215;94.68221;-0.9583345;1;2.77531;0.9900282;3.417212;1.346604;0.6550232;0.7951434;True;False;False;False
2.992173;81.92081;-0.665176;1;6.103333;0.9164234;3.094492;1.396571;0.6870481;0.8865753;True;False;False;False
2.988344;73.87034;-0.3719416;1;4.538449;0.8472359;3.127007;1.409299;0.7233769;0.9444757;True;False;False;False
3.043568;70.20381;-0.05477973;0.8324542;3.709844;0.7627624;3.376227;1.601318;0.7975029;1.087251;False;False;False;False
3.107987;69.99738;0;0.5393453;3.421382;0.6647931;1.061012;1.896239;0.8859165;1.019088;False;False;False;False
3.149292;69.99738;0.0558303;0.2305223;3.143541;0.5606973;0.853134;2.214925;0.9295969;0.9705227;False;False;True;False
3.175707;72.64185;0.3529548;0.442001;3.456732;0.519218;0.6458051;2.723584;1.038906;0.8932895;True;False;True;False
3.21443;80.08187;0.5624174;0.7348001;4.209334;0.5407479;0.5021294;3.4214;1.177027;0.8125752;True;False;False;False
3.2609;87.1955;0.269091;1;6.038254;0.7116292;0.486367;4.013884;1.23039;0.7099382;True;False;False;False
3.339845;89.54408;0;1;5.651656;0.8498381;0.5519078;4.424602;1.008884;0.6834525;True;False;False;False
3.436824;89.16904;-0.1500597;1;5.349016;0.8956034;0.6869314;4.724523;0.7602388;0.6235174;True;False;False;True
3.53378;84.95822;-0.1915821;1;3.422609;0.8479492;0.8080672;4.839776;0.6785437;0.6268712;True;False;False;False
3.628318;83.5794;0;1;2.871736;0.8126198;0.8650232;5.154616;0.6128018;0.7073059;True;False;False;False
3.716626;84.53779;0.2125554;0.7035266;4.417467;0.7857738;0.8575274;5.630202;0.6372376;0.7368298;False;False;True;False
3.744756;90.69447;0.5145012;-0.1253463;3.813127;0.817967;0.7704135;3.713178;0.7355886;0.7096845;False;True;True;False
3.66965;100.4011;0.3859146;-0.4216287;3.187153;0.971858;0.7398187;2.287962;0.8244044;0.6467006;False;True;False;False
3.568875;105.3627;0.09268498;-0.7148584;2.703434;1.009737;0.7889203;2.375007;0.7948396;0.5729613;False;True;False;False
3.473093;105.7995;0;-1;2.360935;0.8424605;0.884717;2.695688;0.6787229;0.5119976;False;True;False;False
3.371893;105.1958;-0.173436;-1;2.058491;0.7680413;0.9935824;3.129964;0.548664;0.5110404;False;True;False;True
3.267251;100.2276;-0.4876218;-1;1.848734;0.7391364;1.116851;4.075045;0.487299;0.6003301;False;True;False;True
3.132011;90.58025;-0.7807533;-1;1.719385;0.7010757;1.227677;7.899662;0.5008335;0.6614482;False;True;False;True
2.937909;76.83591;-1;-1;1.666843;0.6462069;1.557924;1.088093;0.5837793;0.8166012;False;True;False;True
2.69872;62.61875;-1;-1;5.104495;0.624634;2.006556;0.9878729;0.6301;0.9230548;False;True;False;True
2.473565;49.59341;-1;-0.7307217;3.452111;0.6076193;2.968493;1.083946;0.7581027;0.8745483;False;False;False;True
2.32207;37.58366;-0.9791689;0.1468521;2.339728;0.588702;4.955561;1.092208;0.8329726;0.8485525;True;False;False;False
2.274864;31.49891;0.1471995;0.4461627;2.046951;0.6417777;5.38699;1.256688;0.842567;0.7899604;True;False;True;False
2.324855;34.58217;0.4405014;0.7394646;1.903344;0.7221997;0.6150869;1.546431;0.874892;0.7192998;True;False;True;False
2.405221;41.06801;0.5469438;1;1.936006;0.7371085;0.614635;1.961241;0.9392481;0.6589031;True;False;False;False
2.488033;46.70852;0.5063006;1;1.950541;0.8379269;0.6868083;2.31299;0.9697396;0.6008258;True;False;True;False
2.561637;54.54086;0.8023121;1;3.991488;0.9378709;0.680676;2.853131;1.021965;0.5618461;True;False;True;False
2.602755;66.33141;1;1;3.228745;0.8722841;0.7612914;1.294316;1.273729;0.5248727;True;False;True;False
2.604044;78.90077;0.8178098;0.7969801;2.525164;0.845298;0.8765244;1.31168;1.780043;0.4874941;False;False;False;False
2.602044;84.6264;-0.1273599;0.5000963;2.141439;0.8620772;0.8769727;1.465026;0.6778335;0.4509789;False;False;False;True
2.63382;81.3745;-0.4197891;0.2076671;2.053009;0.845715;0.8611621;1.840374;0.4908653;0.5190991;False;False;False;True
2.634323;74.51071;-0.4827282;0;2.024332;0.8322946;0.8833121;2.29734;0.4642712;0.6063083;False;False;False;False
2.607755;66.68282;-0.7820128;0;1.934741;0.8068974;0.9708957;4.622442;0.5210431;0.6997451;False;False;False;True
2.554782;55.12344;-0.9373819;0.2124642;2.027839;0.7469087;1.139841;1.132068;0.6004425;0.8493646;True;False;False;False
2.509052;44.38144;-0.899057;0.5178357;2.124701;0.6926695;1.344071;1.044496;0.651722;0.9452332;True;False;False;True
2.485669;32.28823;-0.9347779;0.8133659;2.410543;0.6273783;2.227229;1.060629;0.7605037;1.045095;True;False;False;False
2.492518;22.09191;-0.6405388;1;3.026515;0.5567807;2.607193;1.204439;0.8633516;1.013966;True;False;False;False
2.538974;15.54687;-0.3353665;1;3.179463;0.5130967;2.818632;1.348342;0.9314321;0.991484;True;False;False;False
2.617193;12.72611;-0.03993519;1;3.009402;0.5148489;0.7467651;1.552993;1.004943;0.971929;True;False;False;False
2.713215;12.62158;0;1;2.733863;0.5444784;0.5339641;1.817112;1.012296;0.9082727;True;False;False;False
2.812793;12.54806;-0.0691932;1;2.463653;0.5446709;0.5285946;2.087101;0.9831478;0.8673257;True;False;False;True
2.911083;9.752872;-0.3622536;1;2.324157;0.5679708;0.5671726;2.28057;0.9459727;0.822951;True;False;False;True
2.994086;3.19395;-0.3997656;0.8692895;2.134613;0.5736241;0.5839052;2.439702;0.8293476;0.7515075;False;False;False;False
2.981475;359.1169;-0.2264454;-0.2810112;1.878068;0.5760145;0.5916589;2.620505;0.8027301;0.7579343;False;True;False;True
2.926045;354.0687;-0.5215758;-0.5761416;1.650229;0.5924589;0.6288784;2.630135;0.7046295;0.8198389;False;True;False;True
2.818525;344.7749;-0.8230811;-0.8776469;1.509067;0.7681035;0.6874568;2.16989;0.7024916;0.9026559;False;True;False;True
2.641851;331.969;-1;-1;1.417778;0.8220906;0.7931615;1.61038;0.7615657;0.9222939;False;True;False;True
2.434603;319.1721;-1;-1;1.374826;0.8055466;0.9458851;1.280524;0.8230391;0.8418924;False;True;False;True
2.233762;307.4066;-1;-1;1.43638;0.7718759;1.402075;1.25222;0.8324496;0.7368951;False;True;False;True
2.06118;296.6016;-0.9791716;-0.7026376;1.75253;0.7287464;4.123159;1.305837;0.7887061;0.70074;False;False;False;False
1.940478;287.9148;-0.6828727;-0.4063386;2.403434;0.6853831;4.007742;1.367837;0.6995197;0.6232114;False;False;False;False
1.876853;280.5742;-0.9381957;0.0833334;4.078826;0.6453489;3.843217;1.477403;0.6483599;0.5844486;True;False;False;True
1.858537;271.4308;-0.9166657;0.3758175;7.012897;0.5979369;3.390841;1.471803;0.5890435;0.5922922;True;False;False;False
1.873201;264.0716;-0.602455;0.6900282;3.861233;0.5472542;3.224638;1.520851;0.5490642;0.6335905;True;False;False;False
1.932801;259.4785;-0.3033598;0.9891234;2.062679;0.5095891;1.079078;1.552555;0.5523717;0.6936069;True;False;False;False
2.025003;258.2849;0.1475733;1;1.842205;0.4676067;0.7266044;1.734409;0.5859101;0.7842028;True;False;True;False
2.124439;261.074;0.440796;1;2.788008;0.4300081;0.5267207;2.093637;0.6390622;0.8015337;True;False;True;False
2.217016;267.2107;0.7549553;1;6.160033;0.3672429;0.4393728;2.517838;0.7089604;0.8185264;True;False;True;False
2.287269;276.9737;0.9583333;1;4.473578;0.38015;0.359082;2.974302;0.8064517;0.7546023;True;False;False;False
2.354484;280.7261;-0.1900824;1;3.824107;0.4201604;0.3442911;3.234341;0.791137;0.7217928;True;False;False;True
2.453012;278.1573;-0.0852453;1;4.325703;0.4518424;0.3844314;3.414955;0.7625733;0.6944979;True;False;False;False
2.552894;277.8408;0;1;4.084386;0.4964341;0.4233093;3.665347;0.7698397;0.6564418;True;False;False;False
2.65288;277.8408;0;1;3.820421;0.5424061;0.4625097;3.928486;0.7238676;0.6172417;True;False;False;False
2.75285;277.4286;-0.1706373;1;3.645132;0.6022179;0.5057359;4.177885;0.6690424;0.5809557;True;False;False;True
2.850478;274.2822;-0.1292025;1;3.77085;0.6311205;0.5538591;4.391805;0.605584;0.5595599;True;False;False;False
2.948363;273.5818;-0.0867951;1;3.541339;0.6958688;0.5835431;4.645063;0.5727431;0.5355576;True;False;False;True
3.046146;271.2845;-0.06554251;1;3.400632;0.6986961;0.6431749;4.810058;0.5390372;0.5273786;True;False;False;False
3.141957;271.0762;0;0.8292623;3.084047;0.7101467;0.69254;5.119054;0.5274746;0.5161556;False;False;False;False
3.212628;271.0762;0;0.5367134;2.762465;0.7186925;0.7032697;5.438108;0.518929;0.5077935;False;False;False;False
3.252755;269.2659;-0.2753634;0.2405198;2.587622;0.704272;0.7277963;5.430431;0.5004168;0.5171317;False;False;False;True
3.258077;265.742;-0.04269514;0;2.386099;0.6773219;0.7402567;4.815246;0.4980906;0.544379;False;False;False;False
3.252981;263.2188;-0.3329706;0;2.187093;0.634812;0.7448356;3.449427;0.5095327;0.6030133;False;False;False;True
3.232157;255.7757;-0.6260473;0;2.120362;0.6018477;0.7840852;1.850565;0.5353376;0.7622489;False;False;False;True
3.181968;247.2004;-0.3534395;0;6.37609;0.6398897;0.7790668;1.482616;0.6107927;0.783684;False;False;False;False
3.143473;241.3812;-0.5245581;0;6.557834;0.7126228;0.6865441;1.427482;0.7294251;0.8548112;False;False;False;True
3.088343;231.3426;-0.8231816;0;3.07833;0.7348002;0.7407715;1.327709;0.7235541;0.870945;False;False;False;True
2.979381;217.2142;-0.9133915;0;2.177556;0.6884041;0.8741267;1.301425;0.7748756;0.8757776;False;False;False;False
2.891462;212.6658;0.1902888;0;1.87657;0.7302536;0.7708513;1.551673;0.8262949;0.8344932;False;False;True;False
2.88671;217.2298;0.5047353;0;1.76395;0.788991;0.7044814;1.958893;0.9055337;0.9395916;False;False;True;False
2.868084;226.1298;0.797657;0;1.741439;0.9571448;0.7061525;2.628149;1.008056;0.9812779;False;False;True;False
2.798335;239.0169;1;0;2.048921;0.9282031;0.7415977;4.091042;1.229229;0.9148161;False;False;True;False
2.68255;252.616;0.8741044;0;4.196643;0.8191769;0.8839508;1.278445;1.543533;0.8517478;False;False;False;False
2.5817;262.5026;0.5808853;0;3.496499;0.820313;0.8768176;1.344484;1.827237;0.8302648;False;False;False;False
2.529739;268.3253;0.2644369;0.1496634;3.011707;0.8108649;0.7808017;1.479254;1.841637;0.8175818;True;False;False;False
2.53745;270.2919;0;0.4438467;2.70848;0.804302;0.7843045;1.69492;0.9686449;0.8237897;True;False;False;False
2.591093;270.1767;-0.1077105;0.7419786;2.472037;0.7963818;0.7980275;1.958799;0.8657114;0.8317849;True;False;False;True
2.676551;267.1611;-0.4010253;1;2.344332;0.7633221;0.8260782;2.343698;0.8066209;0.8729367;True;False;False;True
2.769967;263.283;-0.2787624;1;2.19663;0.8110073;0.8416077;2.72866;0.8034263;0.8938158;True;False;False;True
2.857243;257.6407;-0.5779577;1;2.119334;0.823393;0.8770564;3.400871;0.8105708;0.905748;True;False;False;True
2.923909;249.6714;-0.3894636;1;2.07595;0.8054067;0.9031464;6.386764;0.8568603;0.9206917;True;False;False;False
2.994557;244.3978;-0.4763322;1;1.89346;0.8655607;0.855676;2.303838;0.8468019;0.9227904;True;False;False;True
3.050931;235.4908;-0.7279676;0.8320718;1.817751;0.8605806;0.9545709;1.813407;0.8483065;0.8948747;False;False;False;False
3.056828;226.263;-0.4747589;0.53488;1.804779;0.8661556;1.019499;1.776322;0.858807;0.8510962;False;False;False;True
3.035282;217.0773;-0.7700471;0.2395918;1.876297;0.8369753;1.105759;1.730449;0.8203415;0.8157018;False;False;False;True
2.951861;204.7496;-0.706789;0;2.453831;0.7776774;1.352701;1.632512;0.7725331;0.7766577;False;False;False;False
2.865792;196.152;-0.4133474;0;2.82701;0.7331252;1.23891;1.669547;0.7523953;0.7113513;False;False;False;False
2.824608;192.0461;-0.1208108;0;2.666942;0.6854531;1.034015;1.841504;0.7342952;0.6904912;False;False;False;False
2.815171;191.5416;0;0;2.382545;0.6589426;0.8426411;2.109401;0.7070617;0.6383357;False;False;False;False
2.813921;190.9939;-0.1921812;0;2.135834;0.7119584;0.751385;2.35082;0.6635587;0.5899071;False;False;False;True
2.808962;186.7054;-0.4846074;0;2.031336;0.7245386;0.723812;2.353897;0.6091879;0.5787917;False;False;False;True
2.78916;179.7803;-0.6133639;0;2.015768;0.7395859;0.7407343;2.212097;0.5487089;0.626759;False;False;False;True
2.743462;169.5357;-0.8436622;0;2.009966;0.7426413;0.832388;1.738604;0.5403988;0.7344123;False;False;False;False
2.680109;159.3432;-0.7585692;0.2559165;1.981049;0.8446813;0.9241273;1.360269;0.5946937;0.9060557;True;False;False;True
2.637395;147.7888;-0.9791773;0.5506064;2.100353;0.7889066;1.092455;1.129856;0.6871499;0.9363165;True;False;False;False
2.608492;136.4582;-0.682963;0.6790318;2.171277;0.7598997;1.285177;1.149704;0.8281045;1.006058;False;False;False;False
2.598849;129.179;-0.3831463;0.3792152;2.167024;0.841577;1.05708;1.271613;0.861351;0.9949003;False;False;False;False
2.591534;123.4571;-0.6016147;0.2986694;2.09304;0.8815358;0.9119014;1.410597;0.8978133;0.9414898;True;False;False;True
2.590618;114.2066;-0.726261;0.5908862;2.337869;0.8762051;0.9642481;1.529987;0.9519703;0.937191;True;False;False;False
2.586243;106.239;-0.6011422;0.2912423;2.341652;0.8790466;1.036404;1.696698;0.8983272;0.9335898;False;False;False;True
2.55387;97.41579;-0.6213997;0;2.577226;0.8439386;1.108557;1.712457;0.8613548;0.9305;False;False;False;False
2.508459;90.00137;-0.7082296;0;7.887415;0.8158526;1.059497;1.755601;0.8774623;0.9642866;False;False;False;True
2.456983;80.46147;-0.6658861;0;5.544763;0.7573803;1.18113;1.786708;0.859936;0.9962977;False;False;False;False
2.412537;73.87388;-0.3518093;0;4.103452;0.6978666;1.1612;1.80131;0.8780984;1.129947;False;False;False;False
2.392687;70.9533;-0.06730251;0.0540399;3.447745;0.6299773;0.9901186;1.939976;0.9368361;1.085524;True;False;False;False
2.406689;70.78113;0.0457221;0.3509169;3.242256;0.5557349;0.8336457;2.177346;0.9494821;1.039322;True;False;True;False
2.453895;72.857;0.3591762;0.664371;3.53028;0.50463;0.6791015;2.562607;1.023859;0.9725676;True;False;True;False
2.524534;78.7807;0.6538119;0.9590067;4.361656;0.5086302;0.5213945;3.094923;1.127857;0.8831792;True;False;True;False
2.599198;85.99938;-0.0424593;1;6.4762;0.5614126;0.4772692;3.560676;1.221883;0.8084207;True;False;False;True
2.693152;83.77221;-0.2566944;1;4.086661;0.6192972;0.5092286;3.721081;1.114348;0.7358809;True;False;False;False
2.79249;81.99133;0;1;3.699783;0.7133728;0.5440196;3.949594;0.9260467;0.7383714;True;False;False;False
2.892306;81.99132;0;1;3.414721;0.7687754;0.6001148;4.23589;0.8036386;0.714997;True;False;False;False
2.985392;82.05961;0.08672041;0.7635238;3.145544;0.7804407;0.6867097;4.548974;0.7032052;0.7219459;False;False;True;False
3.048077;85.17649;0.3859212;0.4643231;5.072716;0.7664999;0.7291287;5.066905;0.7856702;0.715159;False;False;True;False
3.061407;89.23116;0.08682428;-0.1264716;4.645419;0.7666836;0.7453893;5.531553;0.7500693;0.7508779;False;True;False;False
3.033094;89.56972;0;-0.4198113;4.341818;0.7589316;0.7602027;5.840388;0.7204343;0.7608077;False;True;False;False
2.978158;89.56972;0;-0.733852;4.043513;0.755874;0.7571403;6.139492;0.7248764;0.7659828;False;True;False;False
2.893454;89.56972;0;-1;3.752594;0.7545494;0.7558132;6.430675;0.7627181;0.769361;False;True;False;False
2.793449;89.56972;0.0239025;-1;3.470004;0.7585285;0.7545731;6.712298;0.7659131;0.7715447;False;True;True;False
2.692775;91.6021;0.3220863;-1;3.138294;0.8048183;0.7367357;3.562914;0.788654;0.762199;False;True;True;False
2.58405;97.21007;0.4087995;-0.9583339;2.756256;0.7719596;0.6994965;2.89945;0.8312083;0.7332037;False;False;False;False
2.487873;100.8147;0.09201453;-0.641549;2.450952;0.6139065;0.7556282;2.90177;0.8247499;0.7516605;False;False;False;False
2.431218;101.7503;0.1941747;-0.3543186;2.189485;0.5443465;0.8056315;3.017599;0.7838533;0.7723132;False;False;True;False
2.405271;104.2996;0.2150049;-0.05816461;1.914185;0.5136464;0.6844723;2.93044;0.7750664;0.7968204;False;False;True;True
2.402501;103.9102;-0.2515347;0;1.693142;0.5576774;0.5611808;3.390856;0.753579;0.8082426;False;False;False;True
2.399902;99.53158;-0.5446536;0;1.514585;0.663503;0.5305529;4.205135;0.7385736;0.7778175;False;False;False;True
2.381566;91.50855;-0.8378736;0;1.38617;1.861157;0.582566;8.507629;0.7838097;0.79965;False;False;False;True
2.333049;80.39246;-1;0;1.293135;1.395205;0.666262;1.8777;0.7241676;0.8489577;False;False;False;True
2.261189;68.8662;-1;0;1.253236;1.223672;0.7576746;1.388418;0.7330678;0.785837;False;False;False;True
2.184938;57.71328;-1;0;4.882997;1.116373;0.8655558;1.35409;0.7731935;0.6734025;False;False;False;True
2.112286;46.936;-1;0;5.411469;1.03309;1.018382;1.296318;0.7387958;0.5936775;False;False;False;True
2.048365;36.50986;-1;0.1683003;2.192639;0.9595304;5.1099;1.28448;0.6171503;0.5263396;True;False;False;True
2.021983;29.01648;0.0626454;0.4678254;1.821571;0.9072768;1.010202;1.396986;0.5600138;0.4924304;True;False;True;False
2.071263;30.8072;0.3551334;0.6346756;1.693023;0.8835189;0.88288;1.636087;0.5444429;0.4732343;False;False;True;False
2.120391;35.80307;0.6484362;0.3413729;1.642684;0.921604;0.8925182;1.972829;0.5203975;0.4826009;False;False;True;False
2.124708;44.03721;0.9625745;0.02723447;1.825386;0.9909862;0.8691936;2.509534;0.54365;0.4941028;False;False;True;False
2.083456;54.50844;1;0;3.685713;0.9325529;0.8293456;3.049792;0.5863601;0.5191642;False;False;True;False
2.028981;64.81886;1;0;3.072082;0.8039011;0.8883846;1.583041;0.6061411;0.5131198;False;False;True;False
1.975295;74.1312;0.7635477;0;2.634993;0.7915186;0.9147736;1.546941;0.6234637;0.4909651;False;False;False;False
1.948029;80.41241;0.4680756;0.2535522;2.222115;0.8017334;0.8568095;1.607099;0.5866095;0.5177762;True;False;False;False
1.969051;83.75406;0.1539171;0.5677107;1.927251;0.8467972;0.7645251;1.69137;0.5666367;0.5401173;True;False;False;False
2.032723;84.07108;-0.1700322;0.8669148;1.742233;0.9537589;0.7703256;1.899786;0.5130852;0.5514989;True;False;False;True
2.127141;81.17132;-0.4632138;1;1.650221;1.040492;0.8180581;2.259397;0.5240925;0.5949175;True;False;False;True
2.218603;74.83127;-0.7563697;1;1.617454;1.06471;0.8819719;2.710742;0.5330798;0.6006195;True;False;False;True
2.287352;64.9224;-1;1;1.576794;0.9946677;1.001006;4.638163;0.5627173;0.636409;True;False;False;True
2.326346;53.39851;-0.9370618;1;1.615369;0.9292328;1.189025;1.118029;0.5523421;0.7378537;True;False;False;False
2.354658;43.82947;-0.6410951;0.7880399;1.648699;0.9145687;1.349928;1.128049;0.5961151;0.7327902;False;False;False;False
2.372801;35.99759;-0.8235041;0.4797347;1.731001;0.9116278;1.539965;1.174153;0.6843346;0.7521823;False;False;False;True
2.373123;25.03667;-1;0.7758901;2.004054;0.8527458;2.784139;1.153431;0.6658287;0.7027748;True;False;False;True
2.383338;13.15646;-0.9347131;1;3.015103;0.8030199;3.508758;1.168461;0.6879489;0.6955563;True;False;False;False
2.39724;3.491846;-0.6414688;0.727589;3.196684;0.7629438;4.183043;1.30961;0.6425169;0.7384408;False;False;False;False
2.410832;357.306;0;0.4095736;3.058858;0.7240463;6.223438;1.408162;0.6446747;0.7580178;False;False;True;False
2.431321;358.6623;0.2962215;0.1133521;2.774938;0.6714262;0.8905954;1.70533;0.717867;0.7647259;False;False;True;False
2.432402;3.540477;0.421547;0;2.419594;0.6733723;0.7408994;2.069233;0.7631381;0.7258437;False;False;False;False
2.424698;7.181351;0.1252354;0.08679;2.085588;0.7195311;0.6825108;2.364514;0.7759523;0.6649344;True;False;False;False
2.443369;7.148128;-0.1765503;0.3888939;1.876918;0.7452575;0.6617053;2.592162;0.764221;0.601593;True;False;False;True
2.47838;3.529603;-0.3440232;0.221379;1.707672;0.7869232;0.7004456;2.76654;0.698208;0.5939674;False;False;False;False
2.480968;358.9269;-0.5351661;0;1.530098;3.951366;0.7516872;2.722234;0.5815042;0.6103552;False;False;False;True
2.45219;350.9456;-0.8320528;-0.2341455;1.386745;4.891747;0.8293207;2.343775;0.554939;0.6613842;False;True;False;True
2.364746;339.644;-1;-0.5296077;1.315446;1.233978;0.9614154;1.601267;0.5722809;0.7288224;False;True;False;True
2.224673;328.0854;-1;-0.823167;1.280523;1.102108;1.153559;1.152579;0.6029469;0.7400337;False;True;False;True
2.057088;317.2907;-1;-1;1.241645;1.020235;1.501049;1.072949;0.6655182;0.6820277;False;True;False;True
1.893034;307.3384;-1;-1;1.27322;0.9556327;4.284248;1.085042;0.6653706;0.6075334;False;True;False;True
1.743245;298.1814;-1;-0.8537819;1.412324;0.8982108;4.171779;1.142528;0.6448438;0.5673406;False;False;False;True
1.629324;289.9515;-0.8326009;-0.5518913;1.83373;0.846291;3.976863;1.159785;0.5828915;0.5598862;False;False;False;False
1.560848;284.2938;-0.5394701;-0.2587603;2.459579;0.8012711;3.911065;1.270536;0.5422648;0.5134277;False;False;False;False
1.535626;281.0887;-0.2230097;0.0441789;2.848758;0.7793639;3.934368;1.370664;0.5350193;0.4779091;True;False;False;False
1.547513;280.206;0;0.3381681;2.814523;0.7741072;1.128851;1.507413;0.5482306;0.444991;True;False;False;False
1.593015;280.206;-0.0664221;0.6349763;2.674237;0.804059;0.9808206;1.661083;0.5085237;0.4136808;True;False;False;True
1.668627;278.6435;-0.3590538;0.927608;3.14702;0.8110452;0.938549;1.767044;0.4576205;0.3885734;True;False;False;True
1.763847;274.4958;-0.6730725;1;5.714521;0.7881733;0.937197;1.814796;0.4030446;0.3770081;True;False;False;True
1.851482;267.3722;-0.966405;1;6.669907;0.7391357;1.002508;1.666538;0.3619931;0.3957892;True;False;False;True
1.923957;258.5988;-0.7886843;1;2.867077;0.6818073;1.11266;1.362094;0.3546641;0.5079746;True;False;False;False
2.009723;257.9881;0.2743734;1;3.059912;0.6096792;0.8512981;1.612214;0.392381;0.5631996;True;False;True;False
2.108734;262.011;0.5673339;1;6.274867;0.5568869;0.7375205;2.139153;0.4598836;0.6097245;True;False;True;False
2.197527;268.8495;0.5631135;1;5.517869;0.5634308;0.6191748;2.800739;0.538068;0.5912467;True;False;False;False
2.280781;273.7153;0.2487309;1;4.714586;0.5848956;0.5376751;3.194996;0.576006;0.5735295;True;False;False;False
2.375691;273.2023;-0.2726916;1;4.794607;0.5842615;0.5549188;3.359473;0.6021467;0.571906;True;False;False;True
2.474115;269.5049;-0.1890042;1;4.889993;0.5713619;0.5825562;3.458694;0.5724059;0.5836205;True;False;False;False
2.571908;268.5628;0;1;4.671629;0.567571;0.5842556;3.679647;0.5710003;0.5877861;True;False;False;False
2.671618;268.5628;0;1;4.404626;0.5854201;0.578516;3.941734;0.5765761;0.5935256;True;False;False;False
2.770755;268.5628;0;0.9148462;4.12893;0.5858612;0.5711021;4.21582;0.5837784;0.6009392;False;False;False;False
2.849643;268.5628;0;0.6006926;3.845221;0.6152254;0.5852041;4.499002;0.5916599;0.6090527;False;False;False;False
2.898385;268.5628;0;0.307643;3.556183;0.6070432;0.586161;4.787867;0.5998421;0.6174755;False;False;False;False
2.917035;268.5628;0;0.01449744;3.264715;0.5987431;0.6163442;5.079279;0.6081421;0.6260195;False;False;False;False
2.917325;268.5628;0;0;2.972975;0.5904192;0.6077756;5.371001;0.6164661;0.6345882;False;False;False;False
2.917325;268.5628;0;-0.065637;2.681267;0.5820913;0.5992031;5.662703;0.6247941;0.6431606;False;True;False;False
2.899016;268.5628;0;-0.3590226;2.39089;0.5737998;0.5906678;5.953079;0.6330857;0.6517679;False;True;False;False
2.850542;268.5628;0;-0.6522861;2.104731;0.5656285;0.5822561;6.239235;0.6412571;0.663786;False;True;False;False
2.772621;268.2556;-0.1495086;-0.9694635;1.850734;0.6163941;0.5782316;6.378521;0.6451636;0.6812517;False;True;False;True
2.670782;264.6297;-0.4495665;-0.9363502;1.699261;0.7892944;0.5936748;4.506061;0.6384323;0.7384952;False;False;False;True
2.571502;257.2457;-0.7418519;-0.6440648;1.621004;0.939999;0.6275879;2.424257;0.6426865;0.6852988;False;False;False;True
2.471751;246.3245;-1;-0.3504144;6.139767;0.9150558;0.7184523;1.530252;0.6643654;0.7425607;False;False;False;True
2.37646;235.4785;-0.7070839;-0.03666572;3.676352;0.8948036;0.8122996;1.309767;0.6339196;0.750352;False;False;False;False
2.320174;227.552;-0.7923838;0;2.863318;0.8787364;0.8729954;1.297211;0.676946;0.7540946;False;False;False;True
2.263633;217.1102;-1;0;2.248056;0.8316498;1.00658;1.296311;0.6791703;0.7331048;False;False;False;True
2.199597;208.3312;0.0676788;0;1.853293;0.8173145;1.046917;1.330331;0.6979381;0.7499995;False;False;True;False
2.188578;210.4492;0.3825489;0;1.68869;0.8382634;0.8887895;1.632437;0.7399812;0.9434034;False;False;True;False
2.185938;215.8233;0.6840366;0;1.633235;0.871685;0.7975396;2.022795;0.7803767;1.07424;False;False;True;False
2.166049;224.4644;0.977414;0;1.639211;1.012593;0.7899584;2.583131;0.8605479;1.049363;False;False;True;False
2.128454;235.1694;1;0.2545254;1.809196;0.9385009;0.792726;3.558473;0.9884009;0.9760385;True;False;True;False
2.107212;245.76;1;0.547746;4.465745;0.8257862;0.8707474;1.568636;1.179453;0.9198919;True;False;True;False
2.115798;255.3257;0.7274867;0.8621426;3.94348;0.805711;0.9669936;1.407185;1.421986;0.8856704;True;False;False;False
2.17041;261.8785;0.4345904;1;3.433811;0.7740476;0.845238;1.494545;1.353202;0.8742261;True;False;False;False
2.251085;265.3144;0.1413019;1;3.078616;0.7516929;0.7725847;1.645239;0.9718654;0.8871499;True;False;False;False
2.346346;265.5892;-0.1473489;0.9371773;2.869814;0.7227536;0.7922681;1.88354;0.9098397;0.9205002;False;False;False;True
2.426652;262.3287;-0.440247;0.6442794;2.791178;0.6751335;0.8066505;2.234885;0.846777;1.001047;False;False;False;True
2.472373;258.4966;-0.1322523;0.3362846;2.658125;0.6239391;0.7956107;2.584527;0.8600571;1.082153;False;False;False;False
2.49112;257.9808;-0.0226113;0.04170025;2.414242;0.614783;0.7361111;2.847425;0.9076682;1.052709;False;False;False;True
2.497513;256.1827;-0.3290397;0.2391087;2.254373;0.6509039;0.6945531;3.282552;0.9497207;1.074915;True;False;False;True
2.526005;251.1653;-0.3288378;0.5323223;2.127982;0.6433578;0.6636521;7.341051;0.996619;1.066715;True;False;False;False
2.557702;248.6193;-0.03262678;0.2361114;1.905482;0.7266073;0.6452014;6.972931;1.02561;1.038282;False;False;False;False
2.566519;247.5471;-0.2542041;0;1.677323;0.8888622;0.6650379;6.732958;1.041858;0.9838695;False;False;False;True
2.559987;242.8337;-0.5475664;0;1.524957;1.008028;0.6959324;2.890952;1.019773;0.8949053;False;False;False;True
2.534921;234.2994;-0.8407533;0;1.430731;1.003457;0.7861414;2.241572;0.95983;0.8205618;False;False;False;True
2.475272;222.5678;-0.9077173;0;1.54319;0.9388525;0.9188102;1.999699;0.8503394;0.7579378;False;False;False;False
2.405801;213.0082;-0.6110047;0.1077261;1.623421;0.9123468;1.017929;1.865979;0.7687753;0.6986704;True;False;False;False
2.385494;207.1985;-0.3832237;0.4246671;1.660214;0.9044428;1.037616;1.908535;0.7188814;0.6126943;True;False;False;True
2.413199;201.3015;-0.6764209;0.7178643;1.934236;0.866817;1.077472;1.883969;0.6814612;0.5278732;True;False;False;True
2.456941;191.6026;-0.9693898;1;2.500493;0.793952;1.244501;1.707656;0.5490003;0.5324125;True;False;False;True
2.486916;179.968;-0.8093958;1;2.797665;0.7270038;1.758265;1.475539;0.4748141;0.5486134;True;False;False;False
2.521602;171.4339;-0.4947609;1;2.785866;0.6718609;4.722764;1.404163;0.485625;0.6274369;True;False;False;False
2.58547;166.5838;-0.2015508;1;2.641531;0.6216835;1.352542;1.462226;0.5192019;0.7673757;True;False;False;False
2.674416;165.4694;0;1;2.385935;0.5627998;0.864916;1.669752;0.5887328;0.8526068;True;False;False;False
2.773078;165.4694;0;1;2.108223;0.5612944;0.6689072;1.93679;0.6734759;0.9442763;True;False;False;False
2.87294;165.4694;0;1;1.822139;0.779188;0.5702089;2.219377;0.7714594;0.9923297;True;False;False;False
2.972666;164.3341;-0.2542032;0.9791647;1.560652;4.287812;0.5724045;2.351059;0.8419165;0.9141122;False;False;False;True
3.051171;158.7668;-0.5509866;0.6823814;1.379102;5.424252;0.6930387;2.150745;0.9115421;0.8289328;False;False;False;True
3.0664;148.4638;-0.8441184;0.3892497;1.313981;7.252814;0.8662934;1.770829;0.8608903;0.7786037;False;False;False;True
2.988313;134.1012;-1;0.07509568;1.320074;2.05073;1.056978;1.582586;0.7312527;0.6221097;False;False;False;True
2.839565;119.4458;-1;0;1.512687;1.56565;1.287405;1.555111;0.6105538;0.5356223;False;False;False;True
2.68619;105.5589;-1;0;1.938583;1.359985;4.255888;1.333158;0.4847204;0.5298526;False;False;False;True
2.554899;93.60441;-0.7276255;0;2.157118;1.257825;3.691739;1.269647;0.4656615;0.5237607;False;False;False;False
2.47593;85.91383;-0.4285156;0;2.504474;1.204224;3.577603;1.231324;0.4678557;0.541554;False;False;False;False
2.442554;81.97408;-0.3059545;0;8.019351;1.161447;3.681674;1.300196;0.4820704;0.5864521;False;False;False;True
2.424212;76.72116;-0.599056;0;5.424916;1.088356;3.630853;1.281864;0.5039555;0.5891213;False;False;False;True
2.393029;68.17939;-0.7040083;0;3.781055;0.9977877;3.495384;1.239998;0.53673;0.7721721;False;False;False;False
2.355351;61.15326;0.020835;0;2.941401;0.904558;3.553619;1.275561;0.5620806;0.7700911;False;False;True;False
2.346909;62.78135;0.3147492;0;2.950983;0.8041539;1.522469;1.587869;0.6567067;0.7480451;False;False;True;False
2.344445;67.6534;0.3775557;0;3.333625;0.7576407;1.125739;2.048254;0.7602064;0.6985289;False;False;False;False
2.337616;70.78754;0.08262782;0;3.431943;0.7197719;0.9348853;2.404753;0.8139239;0.6675394;False;False;False;False
2.33545;71.29111;0.1405461;0;3.373781;0.6959934;0.8036954;2.680721;0.7616915;0.6550046;False;False;True;False
2.332786;74.42665;0.3320379;0;3.67489;0.734871;0.724903;3.182849;0.7574517;0.6077256;False;False;False;False
2.329205;75.28452;-0.2109513;0;3.41465;0.7744472;0.7029506;3.39015;0.6823794;0.6806801;False;False;False;True
2.339457;71.79457;-0.2586423;0.2993868;2.673023;0.7490773;0.7225776;3.323599;0.6198881;0.726734;True;False;False;False
2.378361;70.13665;0.0416778;0.5958864;2.256244;0.7298458;0.7298366;3.485197;0.6178635;0.8051265;True;False;True;False
2.449654;72.10265;0.3345036;0.8887121;2.458679;0.7015342;0.7413676;3.956121;0.7179378;0.8681786;True;False;True;False
2.537459;77.84306;0.588936;0.8714938;2.573528;0.656343;0.7091095;4.794021;0.7591605;0.8925811;False;False;False;False
2.592332;83.73811;0.3570783;0.5527213;2.575057;0.6271989;0.6652254;5.343499;0.8215798;0.9115014;False;False;True;False
2.616127;89.80322;0.6487581;0.2610416;4.378071;0.6384096;0.6150645;2.297506;0.8902038;0.8775812;False;False;True;False
2.58669;99.81278;0.9509961;-0.1059828;3.793797;0.7452348;0.5746238;1.624506;1.013235;0.804939;False;True;True;False
2.492799;110.8853;0.6993777;-0.3992508;2.653161;1.002047;0.6002808;1.411978;1.158148;0.726833;False;True;False;False
2.384894;117.925;0.3851205;-0.7135079;1.649014;1.29716;0.6784844;1.391003;1.178161;0.6396853;False;True;False;False
2.282359;119.2151;-0.1898637;-1;1.47539;1.242268;0.7801396;1.602473;1.013279;0.5392976;False;True;False;True
2.181387;115.8661;-0.4848678;-1;1.761127;1.155681;0.8846292;1.99226;0.7616392;0.4407506;False;True;False;True
2.073224;109.3974;-0.7774958;-1;2.136928;1.071477;0.9763728;2.65361;0.5249754;0.3609053;False;True;False;True
1.947108;100.3277;-1;-1;2.45925;0.9915664;1.093703;3.78549;0.3710318;0.3345906;False;True;False;True
1.808804;91.56913;0;-1;2.436455;0.9232108;1.192278;7.42624;0.3140409;0.3718929;False;True;True;False
1.698151;92.5815;0.3040653;-1;2.219403;0.8638961;1.21908;7.673788;0.320857;0.4072965;False;True;True;False
1.597912;95.00531;0.1365099;-1;2.010095;0.8162578;1.220668;7.864587;0.3511322;0.4364235;False;True;False;False
1.497717;95.28911;-0.1077003;-1;1.860653;0.8158085;1.242881;8.01523;0.3817765;0.5093175;False;True;False;True
1.406788;93.59698;-0.4009359;-0.7485839;1.757413;0.8030089;1.282439;8.127561;0.4063462;0.568619;False;False;False;True
1.342882;89.95195;-0.7184235;-0.4310964;1.702225;0.7773377;1.342842;7.896904;0.4289899;0.5834429;False;False;False;True
1.304892;84.44779;-1;-0.1389318;1.690209;0.7374737;1.433958;1.690837;0.4861778;0.6272357;False;False;False;True
1.293163;77.95868;-1;0.1886445;1.688509;0.6934837;1.553634;1.047921;0.5382553;0.708928;True;False;False;True
1.310622;71.46902;-1;0.4834512;1.684433;0.663253;1.701733;0.9698514;0.5520226;0.8358047;True;False;False;True
1.35772;65.56435;-0.7066859;0.7975988;1.748743;0.6344028;1.849349;0.9741307;0.5881598;0.9133573;True;False;False;False
1.438271;61.39782;-0.5557038;1;5.015196;0.6484598;1.947319;1.032091;0.6442331;0.9078913;True;False;False;True
1.529789;56.35583;-0.8711384;1;5.292702;0.6403123;2.144411;1.099449;0.7197351;0.8770649;True;False;False;True
1.614456;48.9035;-1;1;3.43555;0.6339127;2.727139;1.183024;0.808045;0.8495718;True;False;False;True
1.69054;40.67613;-1;1;2.487443;0.6356583;4.208774;1.182626;0.8583077;0.8262244;True;False;False;True
1.765002;34.49158;0.0635307;1;2.125216;0.6623513;4.87764;1.278039;0.8651021;0.7868378;True;False;True;False
1.860963;36.20864;0.377562;1;2.031846;0.7463549;0.6307937;1.499768;0.8796786;0.7183773;True;False;True;False
1.959258;40.28653;0.3365682;1;2.013465;0.7491719;0.6015047;1.790593;0.911513;0.6656048;True;False;False;False
2.055797;42.46279;0.04272836;1;1.866269;0.7631113;0.6605607;2.046689;0.9076211;0.6224437;True;False;False;False
2.15477;43.05783;0.2009916;0.9486355;1.682841;0.8133494;0.7296376;2.297188;0.8299127;0.6193303;False;False;True;False
2.235146;46.55096;0.4942308;0.6553963;1.637808;0.8612992;0.7208405;2.59253;0.7503774;0.6566876;False;False;True;False
2.276037;52.74381;0.4520166;0.356342;3.926346;0.8076632;0.7250474;3.017749;0.7226402;0.7016508;False;False;False;False
2.284966;56.9547;0.4130141;0.06004753;3.499397;0.6938435;0.795877;3.466779;0.6639083;0.8036222;False;False;True;False
2.270108;63.09478;0.7271659;0;3.0571;0.5637279;0.8289683;1.701119;0.690591;0.8681408;False;False;True;False
2.236228;72.58011;1;0;2.542134;0.5519098;0.6755061;1.607278;0.766233;0.8382307;False;False;True;False
2.167139;83.64096;0.9576778;-0.2996352;2.084304;0.585328;0.5087593;1.432871;0.8824508;0.7893242;False;True;False;False
2.07649;89.23255;-0.1262289;-0.5954058;1.7866;0.7284781;0.5191033;1.570736;0.8667271;0.7567075;False;True;False;True
1.9996;86.66231;-0.4406146;-0.9097913;1.681929;0.8656356;0.5463218;1.832126;0.7771776;0.8001921;False;True;False;True
1.89908;81.24931;-0.741366;-1;1.6072;0.9813169;0.5993904;2.259059;0.7566771;0.7639909;False;True;False;True
1.783008;73.38017;-1;-0.9791656;1.542001;1.012173;0.670301;2.839224;0.7247885;0.7640932;False;False;False;True
1.668423;64.70298;-1;-0.6827065;1.500642;0.9674787;0.7452342;4.996706;0.758213;0.8405082;False;False;False;True
1.591103;56.54676;-1;0.0854094;1.513459;0.9327776;0.8197275;1.688806;0.7109614;0.8137866;True;False;False;True
1.583344;48.68777;-0.9131424;0.3807198;1.554703;0.9033989;0.8943491;1.39979;0.7187268;0.8085789;True;False;False;False
1.610709;42.42705;-0.6650446;0.6771356;1.550224;0.9255956;0.9450214;1.400054;0.7752917;0.8193565;True;False;False;True
1.67291;35.94308;-0.9818997;0.9939908;1.657881;0.9175374;1.018043;1.381985;0.7762566;0.7782361;True;False;False;True
1.747206;27.45703;-1;1;1.800137;0.8741593;1.157971;1.398207;0.7553667;0.7120606;True;False;False;True
1.815308;18.9735;-0.8084664;1;2.302977;0.8385376;2.905741;1.355327;0.7664775;0.6895706;True;False;False;False
1.883738;10.83694;-1;1;2.880579;0.7957911;3.462993;1.383614;0.7029084;0.712002;True;False;False;True
1.944781;1.655854;-0.8123771;1;3.045467;0.744935;4.266831;1.440959;0.645797;0.7332807;True;False;False;False
2.011182;354.8157;-0.5190218;1;2.970641;0.6860769;6.096577;1.454599;0.6710548;0.8064552;True;False;False;False
2.092087;350.7717;-0.222992;1;2.839329;0.6144283;1.201126;1.571636;0.6829792;0.8659145;True;False;False;False
2.179496;349.901;0.1065384;0.7845272;2.624155;0.5483548;0.8417596;1.778652;0.7187586;0.829686;False;False;True;False
2.220193;352.4748;0.422439;-0.1469766;2.336226;0.5225053;0.6988341;2.096876;0.7908678;0.8350644;False;True;True;False
2.187871;358.067;0.4643695;-0.4401876;2.037585;0.5216399;0.5384364;2.559489;0.8629317;0.8090917;False;True;False;False
2.121158;1.782622;-0.0424587;-0.7363968;1.798731;0.545913;0.5089978;2.811406;0.8953905;0.7972035;False;True;False;True
2.033665;0.08884439;-0.344802;-1;1.616306;0.5997223;0.5206386;2.982748;0.8240377;0.8155873;False;True;False;True
1.930982;355.4546;-0.637968;-1;1.470582;4.065598;0.5466406;2.911042;0.7747209;0.8496506;False;True;False;True
1.817744;348.2653;-0.9520419;-1;1.376139;5.217651;0.5860794;2.673757;0.7558862;0.8911054;False;True;False;True
1.690897;339.5134;-1;-1;1.336223;1.084764;0.6463356;2.103296;0.7686015;0.8770584;False;True;False;True
1.560204;331.3206;-1;-1;1.260114;1.014113;0.7054704;1.739997;0.796438;0.8757734;False;True;False;True
1.435975;323.7755;-1;-0.8234988;1.21257;0.9624257;0.7593697;1.448515;0.8183745;0.7990572;False;False;False;True
1.342778;316.7963;-1;-0.535439;1.191918;0.9186705;0.8090912;1.374467;0.8312672;0.7251495;False;False;False;True
1.283549;310.2151;-1;-0.2315516;1.200658;0.8782787;0.8570093;1.35227;0.825583;0.66638;False;False;False;True
1.256611;303.8635;-1;0;1.248261;0.8400978;0.9076442;1.362466;0.8066854;0.6293561;False;False;False;True
1.243159;297.6096;-1;0.1075017;1.357757;0.8104455;0.9789022;1.396183;0.7376682;0.6042072;True;False;False;True
1.252868;291.3871;-1;0.4005831;1.692398;0.7787946;4.256961;1.404798;0.6567912;0.5532212;True;False;False;True
1.291894;285.0571;-1;0.6308299;2.431303;0.7441938;4.068487;1.448158;0.605358;0.5192199;False;False;False;True
1.328891;278.5118;-1;0.337187;4.35523;0.7058782;3.864156;1.465505;0.5831189;0.5040159;False;False;False;True
1.356123;271.8227;-0.9583339;0.5908477;6.822934;0.6639481;3.496669;1.461212;0.5165836;0.511166;True;False;False;False
1.415739;268.3634;0.1473393;0.8872135;6.921679;0.6466409;1.11922;1.563047;0.5002693;0.5148791;True;False;True;False
1.5115;270.3598;0.4614807;1;6.453686;0.6563741;0.8930317;1.759326;0.512345;0.5015406;True;False;True;False
1.60932;274.7272;0.5448762;1;5.357155;0.6881688;0.6825875;2.035374;0.5339978;0.4767392;True;False;False;False
1.704529;277.6185;-0.1058895;1;3.859802;0.6942244;0.639152;2.265996;0.5285351;0.4544438;True;False;False;True
1.803985;275.588;-0.3983424;1;5.178736;0.6574633;0.667998;2.357839;0.4880473;0.47418;True;False;False;True
1.902039;272.4664;-0.1679583;1;5.556978;0.6364235;0.6956626;2.456419;0.4549035;0.4779033;True;False;False;False
2.000683;271.8213;0;1;5.415707;0.6410879;0.7016255;2.641901;0.4517496;0.5164835;True;False;False;False
2.100515;271.8213;0;1;5.206236;0.6502568;0.6766613;2.849109;0.4736409;0.5076451;True;False;False;False
2.200497;271.8213;0;1;4.98772;0.6588678;0.6418201;3.066882;0.499085;0.4993447;True;False;False;False
2.300496;271.8213;0;1;4.75952;0.6675466;0.6434782;3.294841;0.5093434;0.490979;True;False;False;False
2.400416;271.0571;-0.2334177;1;4.65303;0.6663468;0.659709;3.4769;0.4942063;0.4892832;True;False;False;True
2.498262;268.2153;-0.1002495;1;4.641945;0.6512249;0.6785071;3.482127;0.480975;0.5011246;True;False;False;False
2.596997;267.8739;0;1;4.388198;0.668074;0.6722659;3.724091;0.4871968;0.5085396;True;False;False;False
2.696859;267.8739;0;1;4.119205;0.6655617;0.6619723;3.989707;0.4970582;0.5188332;True;False;False;False
2.796845;267.8739;0;1;3.841093;0.6908608;0.6502777;4.266714;0.5082626;0.530528;True;False;False;False
2.896844;267.8739;0;1;3.553268;0.6789346;0.6676595;4.554177;0.5201889;0.542977;True;False;False;False
2.996844;267.8739;0;1;3.255537;0.6664891;0.6956865;4.851788;0.5326341;0.5559672;True;False;False;False
3.093054;267.8739;0;0.8112962;2.94809;0.653603;0.6822353;5.159195;0.5455204;0.5694185;False;False;False;False
3.150845;267.8739;0;-0.08333851;2.633807;0.640418;0.6684731;5.473467;0.5587054;0.5831808;False;True;False;False
3.130674;267.8739;0;-0.3779637;2.320225;0.627259;0.6547374;5.787045;0.5718646;0.5972968;False;True;False;False
3.080493;267.7072;-0.1167909;-0.6831489;2.031431;0.6111395;0.6447316;5.962039;0.5822351;0.618686;False;True;False;True
2.997461;264.0823;-0.4100079;-0.9763657;1.873692;0.6613453;0.6593608;3.996572;0.5810651;0.6801621;False;True;False;True
2.877328;256.1912;-0.7241514;-1;1.807439;0.7426684;0.7012862;2.088505;0.5947388;0.7082698;False;True;False;True
2.71684;244.4767;-1;-1;6.427022;0.7441061;0.7902012;1.361187;0.6533844;0.7860325;False;True;False;True
2.527402;231.2738;-1;-0.7035601;3.250033;0.7257615;0.9429442;1.151786;0.6454984;0.8584278;False;False;False;True
2.36758;219.8051;-0.787892;-0.4103447;2.529889;0.6986693;1.123701;1.155033;0.7186282;0.9037877;False;False;False;False
2.271473;212.0984;0.0416676;-0.09416538;2.107601;0.675229;0.9362562;1.28146;0.7726423;0.8911313;False;False;True;False
2.254946;213.8057;0.335715;0;1.943354;0.7112377;0.7485566;1.538603;0.8428661;0.8452532;False;False;True;False
2.252783;218.9603;0.6290585;0;1.914015;0.7843276;0.678926;1.899405;0.9180226;0.8140728;False;False;True;False
2.233928;227.4195;0.9281487;0;1.983373;0.9315233;0.6568347;2.481298;1.027015;0.7946077;False;False;True;False
2.187169;238.3254;1;0;2.322772;1.103392;0.7180368;3.568733;1.187808;0.7632074;False;False;True;False
2.132948;249.1456;0.9791713;0.2541381;4.539297;1.01126;0.7986963;1.332867;1.406431;0.7261072;True;False;False;False
2.110968;258.3055;0.682687;0.5506224;3.883777;0.9813849;0.9603983;1.249792;1.60633;0.6908987;True;False;False;False
2.140693;264.2756;0.3836504;0.849659;3.357746;1.003258;1.056065;1.35404;1.693502;0.653037;True;False;False;False
2.219452;267.1094;0.09051733;1;3.020936;0.9927831;1.000612;1.534258;1.467478;0.6386299;True;False;False;False
2.316071;267.3726;0;1;2.79383;0.9751673;0.9807512;1.759752;0.7361123;0.6459516;True;False;False;False
2.415775;266.0259;-0.2995488;1;2.657671;0.9422175;0.9956715;2.040041;0.6430309;0.6789058;True;False;False;True
2.511162;261.2673;-0.3409977;1;2.629011;0.8843302;1.075487;2.455733;0.6201265;0.7541732;True;False;False;False
2.601531;257.1334;-0.4612086;1;2.553269;0.8200909;1.097489;2.99075;0.646245;0.8648394;True;False;False;True
2.680406;249.9109;-0.4997616;1;2.584924;0.7709245;1.161784;5.955066;0.6933857;0.9273516;True;False;False;False
2.744293;243.1517;-0.6313443;0.784624;2.523428;0.73474;1.207935;1.908088;0.7805491;1.025747;False;False;False;True
2.759441;232.7193;-0.9460127;0.4699556;2.671296;0.659587;1.455299;1.418396;0.8369417;1.195339;False;False;False;True
2.7114;221.2545;-0.6503744;0.1743173;2.941491;0.5662824;1.995407;1.396091;0.9329765;1.263996;False;False;False;False
2.655034;214.0839;-0.3571931;0;3.149158;0.4862775;2.18276;1.521713;1.031105;1.30553;False;False;False;False
2.628109;211.0228;-0.06385905;0;3.057162;0.4220031;0.8074763;1.733304;1.144188;1.296697;False;False;False;False
2.623013;210.8518;0;0;2.782718;0.3747641;0.503105;1.991037;1.205734;1.230249;False;False;False;False
2.622465;210.8518;0;0;2.51639;0.3596514;0.4004592;2.251817;1.254943;1.135162;False;False;False;False
2.622406;210.8518;0;0;2.252811;0.3777844;0.3638202;2.513579;1.290584;1.021108;False;False;False;False
2.6224;210.8518;0;0;1.990131;0.4165082;0.3663416;2.775663;1.293997;0.9204838;False;False;False;False
2.622329;210.1788;-0.2124027;0;1.793642;0.5209611;0.3980099;3.00042;1.267134;0.8209822;False;False;False;True
2.618718;205.9678;-0.5055819;0;1.802066;0.6754775;0.4450514;3.045105;1.060978;0.7069715;False;False;False;True
2.597389;197.7795;-0.6731642;0;1.792131;0.7474986;0.5250577;2.932375;0.8320476;0.631837;False;False;False;False
2.561074;190.5941;-0.5089523;0;1.697057;1.146133;0.6156923;2.883744;0.6699882;0.6038492;False;False;False;True
2.524118;182.5178;-0.8228723;0;1.690501;3.917182;0.7145714;2.564133;0.5725182;0.6075019;False;False;False;True
2.461312;170.8969;-1;0;1.751763;4.391997;0.8392555;1.880464;0.5503016;0.6977451;False;False;False;True
2.375795;159.0095;-0.8532955;0;1.765058;1.111338;0.9788368;1.290187;0.5653558;0.7970131;False;False;False;False
2.305544;150.2195;-0.7724178;0;1.783795;1.168314;1.06986;1.157691;0.6407518;0.7788413;False;False;False;True
2.245593;140.0302;-1;0;1.893881;1.078818;1.302043;1.119636;0.7215683;0.818096;False;False;False;True
2.176303;129.0982;-0.8860379;0;2.061854;1.007035;4.401363;1.120889;0.7131428;0.8694393;False;False;False;False
2.116546;119.9091;-0.9759744;0;2.229678;0.9596702;4.175853;1.194892;0.7383282;0.854588;False;False;False;True
2.058121;109.6767;-0.8699777;0;2.582034;0.8985622;3.792041;1.290574;0.7997372;0.8823611;False;False;False;False
2.010984;102.0491;-0.5761908;0;2.700341;0.854513;3.616227;1.37163;0.7971697;0.9440534;False;False;False;False
1.985711;97.54457;-0.2622013;0;2.777124;0.8431131;3.622808;1.465574;0.813527;0.9521419;False;False;False;False
1.983794;96.0828;0;0.2404317;2.639284;0.8463534;1.200313;1.634693;0.8409193;0.9353288;True;False;False;False
2.017624;96.08281;0;0.5356669;2.433241;0.867837;0.9502813;1.832923;0.8869039;0.9116076;True;False;False;False
2.082854;95.77003;-0.1705278;0.8318595;2.267972;0.8884853;0.8965794;2.018179;0.9257845;0.8947209;True;False;False;True
2.174914;92.75698;-0.2961924;1;2.575706;0.8772199;0.8833933;2.12713;0.9158397;0.8598574;True;False;False;False
2.271591;90.59155;-0.2153208;1;7.164248;0.8710085;0.8891395;2.287;0.8999851;0.8208519;True;False;False;True
2.36663;86.64282;-0.4877343;1;7.298881;0.8350725;0.9153998;2.366906;0.8672922;0.8487804;True;False;False;False
2.454627;82.13173;-0.1917807;0.8952844;5.63478;0.8142867;0.9398857;2.49292;0.8259602;0.796443;False;False;False;False
2.524927;79.15211;-0.4038471;0.5973533;4.672442;0.798189;0.9460146;2.499933;0.7947415;0.71175;False;False;False;True
2.561239;74.73765;-0.1918893;0.3017093;4.206377;0.7681466;0.9377388;2.491742;0.8225503;0.638764;False;False;False;False
2.573483;73.75322;0;0.0006824043;3.923819;0.7610907;0.8535608;2.704541;0.7444916;0.6027838;False;False;False;False
2.572817;73.75322;0;0;3.66899;0.7834161;0.8084767;2.957803;0.6740503;0.5608772;False;False;False;False
2.572744;73.75322;0.0230244;0;3.415725;0.8292472;0.7782189;3.218692;0.608642;0.6120531;False;False;True;False
2.572354;75.51595;0.317235;0;3.263246;0.856458;0.7489503;3.705278;0.5889099;0.6090223;False;False;True;False
2.569389;78.00159;0.01622095;-0.0257154;3.062595;0.8358625;0.7751442;4.133204;0.5744851;0.6369458;False;True;False;False
2.553715;78.04323;0;-0.3201117;2.80487;0.813216;0.8285885;4.393307;0.6413494;0.6827666;False;True;False;False
2.509026;78.04323;0;-0.6340932;2.552312;0.7587775;0.8498721;4.646646;0.6274033;0.7945825;False;True;False;False
2.434702;78.04323;0;-0.9275219;2.307029;0.7064723;0.8396798;4.892185;0.6540891;0.8632807;False;True;False;False
2.33634;78.04323;0;-1;2.071326;0.6563926;0.833061;5.127972;0.6950801;0.9290646;False;True;False;False
2.2374;79.26764;0.2866311;-0.8742019;1.897287;0.6166573;0.7523885;5.535945;0.7515022;0.9628341;False;False;True;False
2.158072;83.7536;0.5797872;-0.5810457;1.924672;0.601099;0.6603085;6.075047;0.8531622;0.9438446;False;False;True;False
2.097857;89.33741;0.3624656;-0.5019037;3.734496;0.6081198;0.60269;3.860808;0.9170557;0.9152498;False;True;False;False
2.026242;91.7976;0.1132292;-0.7972069;3.496868;0.5934488;0.5875164;2.826121;0.9417089;0.903994;False;True;True;False
1.930918;94.18805;0.4314252;-1;3.243533;0.6636612;0.5790468;2.616246;0.9692285;0.8776779;False;True;True;False
1.823352;99.27648;0.6404889;-1;2.949216;0.7516717;0.5638775;2.360887;1.022891;0.8380073;False;True;False;False
1.712121;103.9423;0.3472167;-1;2.695366;0.7048554;0.5915614;2.144504;1.052863;0.8011137;False;True;False;False
1.606271;105.8762;0.1855743;-1;2.508248;0.6187837;0.6410362;2.142829;1.030864;0.7800567;False;True;True;False
1.503507;108.2864;0.4882023;-1;2.313569;0.5700077;0.6836365;1.963546;1.026136;0.7605389;False;True;True;False
1.398828;112.4878;-0.0420069;-1;2.092159;0.5656359;0.726582;1.80114;1.029332;0.7323236;False;True;False;True
1.310254;111.3422;-0.3591537;-0.6828532;1.994581;0.5451067;0.7105872;2.058638;0.9200018;0.7290359;False;False;False;True
1.252405;108.3368;-0.653955;-0.388052;1.93236;0.5329235;0.6944914;2.573449;0.8081837;0.7422204;False;False;False;True
1.222431;104.9866;-0.3548298;-0.08892675;1.842427;0.5453001;0.6432258;3.058776;0.7404184;0.8009521;False;False;False;False
1.218265;103.1677;-0.4026918;0;1.742478;0.5615183;0.6068891;3.440453;0.7258072;0.8036312;False;False;False;True
1.216888;100.0737;-0.530995;0.0811797;1.662454;0.5696369;0.6022857;3.919699;0.7138046;0.7904016;True;False;False;False
1.234879;97.23225;-0.5352303;0.3773763;1.578918;0.5879323;0.5847741;4.440034;0.7128532;0.783119;True;False;False;True
1.281327;93.09501;-0.8488711;0.6910171;1.520302;0.6521088;0.5760784;8.524447;0.7288219;0.7966908;True;False;False;True
1.340168;86.91669;-1;0.5111134;1.465737;0.7119901;0.6045813;8.075428;0.7741153;0.8464974;False;False;False;True
1.367036;80.14878;-1;0.2176448;1.423337;0.8836925;0.6458439;2.091081;0.7465659;0.8988099;False;False;False;True
1.361398;73.31346;-1;0;1.393199;0.937792;0.6848843;1.480395;0.7467541;0.9111455;False;False;False;True
1.344616;66.53988;-1;0;1.458516;0.9273511;0.7199894;1.374047;0.7724424;0.8768536;False;False;False;True
1.331394;59.84903;-1;0.1708428;4.851957;0.906337;0.7493634;1.331291;0.8216484;0.8132252;True;False;False;True
1.344668;53.17807;-1;0.4851216;5.212175;0.8812603;0.7809518;1.367226;0.8586885;0.7730378;True;False;False;True
1.388246;46.90325;-0.7477127;0.7791932;2.984272;0.8704651;0.760215;1.396106;0.8680948;0.7240914;True;False;False;False
1.466135;42.44363;-0.4549188;1;2.448958;0.8734119;0.7100209;1.435371;0.84524;0.6759403;True;False;False;False
1.560177;39.9923;-0.1528044;1;2.210715;0.855888;0.7048371;1.538834;0.7989655;0.6121297;True;False;False;False
1.658588;39.56828;0;1;2.042809;0.8452221;0.7054905;1.695782;0.7783057;0.5663571;True;False;False;False
1.758439;40.03033;0.1940274;1;1.898856;0.8559299;0.7559966;1.890573;0.7442022;0.5324228;True;False;True;False
1.857491;42.9189;0.5083556;1;1.862303;0.9327578;0.8051956;2.190394;0.7177891;0.5010061;True;False;True;False
1.949952;48.83342;0.7989789;1;4.295037;1.008343;0.8078058;2.550301;0.6924514;0.4835165;True;False;True;False
2.015083;57.01226;0.7180665;0.7039;3.672234;0.9732937;0.8064021;3.064229;0.6679542;0.4785389;False;False;False;False
2.045397;64.31029;0.8526434;0.4016261;3.15085;0.8541537;0.8864881;1.6549;0.6345596;0.4847467;False;False;True;False
2.034497;74.01594;1;0.08757108;2.651905;0.836001;0.9531389;1.509582;0.6199597;0.4579535;False;False;True;False
1.991528;81.8924;-0.0628308;0;2.197841;0.8553871;0.9187806;1.593385;0.5473306;0.4538358;False;False;False;True
1.983518;80.11316;-0.3621711;0;2.116465;0.8381234;0.8880501;1.83243;0.4858373;0.5141927;False;False;False;True
1.981718;75.38219;-0.6580614;0;2.101625;0.8062238;0.9025216;2.169733;0.4491794;0.5710829;False;False;False;True
1.967541;67.67239;-0.9527704;0;2.084048;0.76877;0.9761428;4.712517;0.4880631;0.7297149;False;False;False;True
1.934921;58.3536;-0.8115487;0;2.143028;0.7214052;1.097482;4.06604;0.5338858;0.8094086;False;False;False;False
1.903416;51.63947;-0.5184053;0;2.149657;0.6807511;1.125552;1.153364;0.6360126;0.9627702;False;False;False;False
1.882283;45.91599;-0.7731791;0;2.169008;0.6364317;1.18265;1.094245;0.7020823;1.013833;False;False;False;True
1.855838;37.55004;-1;0;2.386887;0.5797891;1.579259;1.116693;0.7623498;1.095896;False;False;False;True
1.821445;29.18322;-0.7285445;0;2.644456;0.5261504;2.177929;1.165242;0.8773701;1.133028;False;False;False;False
1.796544;23.64706;-0.435206;0;2.948358;0.4708332;2.335043;1.275008;0.9605088;1.085999;False;False;False;False
1.784968;20.82592;0;0;2.892563;0.4430909;0.8644956;1.430525;1.003593;1.048672;False;False;True;False
1.783156;21.87875;0.2941326;0;2.631448;0.4638591;0.5531345;1.624551;1.067533;0.9996991;False;False;True;False
1.782142;25.13615;0.2927984;0;2.154734;0.5615496;0.4371955;1.848127;1.138824;0.9588391;False;False;False;False
1.78113;25.0108;-0.2334348;0;2.063708;0.6054142;0.4540116;2.010262;1.174978;0.8959059;False;False;False;True
1.780209;21.81132;-0.4638972;0;2.138318;0.6171413;0.4993749;2.132047;1.104178;0.8339155;False;False;False;False
1.776459;18.64889;-0.1715358;0;2.087809;0.6439898;0.5509467;2.271549;1.005496;0.786528;False;False;False;False
1.774758;18.0698;0;0;1.920666;0.7282884;0.5889045;2.439108;0.9666942;0.739308;False;False;False;False
1.774522;17.83714;-0.1496295;0;1.774372;0.8044655;0.6065989;2.59411;0.9457504;0.6832641;False;False;False;True
1.773588;15.42143;-0.3231911;0;1.747073;0.8400671;0.6392479;2.656912;0.8327627;0.6175599;False;False;False;False
1.771376;13.14201;-0.3256418;0;1.627275;0.9151486;0.6732282;2.749294;0.7572301;0.5321485;False;False;False;True
1.767262;9.147277;-0.6399201;0;1.574782;0.995468;0.7343501;2.781034;0.6715158;0.5058209;False;False;False;True
1.755531;2.472052;-0.8913705;0;1.583207;3.837793;0.8079443;2.676548;0.5222284;0.5080953;False;False;False;False
